test_example_id,predicted_category
0,m
1,m
2,m
3,m
4,m
5,m
6,m
7,m
8,m
9,f
10,m
11,m
12,m
13,f
14,f
15,f
16,m
17,m
18,m
19,f
20,m
21,m
22,m
23,m
24,m
25,m
26,m
27,m
28,m
29,m
30,m
31,m
32,m
33,f
34,f
35,f
36,m
37,m
38,m
39,m
40,m
41,m
42,m
43,m
44,m
45,m
46,m
47,m
48,f
49,f
50,f
51,m
52,m
53,m
54,m
55,m
56,m
57,m
58,m
59,m
60,m
61,m
62,f
63,m
64,m
65,m
66,m
67,m
68,m
69,m
70,m
71,m
72,f
73,f
74,m
75,m
76,m
77,f
78,m
79,m
80,f
81,m
82,m
83,f
84,f
85,m
86,m
87,m
88,f
89,m
90,m
91,f
92,m
93,m
94,f
95,m
96,f
97,m
98,m
99,f
100,m
101,m
102,m
103,m
104,f
105,m
106,m
107,m
108,f
109,m
110,m
111,m
112,m
113,m
114,m
115,m
116,m
117,m
118,m
119,f
120,f
121,m
122,m
123,m
124,m
125,m
126,m
127,m
128,m
129,m
130,m
131,m
132,m
133,m
134,m
135,m
136,m
137,m
138,m
139,m
140,f
141,m
142,m
143,m
144,m
145,m
146,m
147,m
148,m
149,m
150,m
151,m
152,m
153,m
154,m
155,f
156,m
157,m
158,f
159,m
160,m
161,m
162,m
163,m
164,m
165,f
166,m
167,f
168,m
169,m
170,m
171,m
172,f
173,m
174,m
175,m
176,m
177,f
178,m
179,m
180,m
181,m
182,m
183,m
184,m
185,m
186,m
187,f
188,m
189,m
190,f
191,m
192,m
193,m
194,m
195,m
196,m
197,f
198,m
199,m
200,m
201,f
202,f
203,m
204,m
205,m
206,m
207,m
208,m
209,f
210,f
211,m
212,f
213,m
214,f
215,m
216,f
217,m
218,m
219,m
220,f
221,f
222,m
223,f
224,m
225,m
226,m
227,m
228,m
229,m
230,f
231,m
232,f
233,m
234,m
235,m
236,m
237,f
238,m
239,f
240,m
241,f
242,m
243,m
244,m
245,m
246,m
247,f
248,m
249,m
250,m
251,m
252,m
253,m
254,m
255,f
256,m
257,m
258,m
259,m
260,f
261,m
262,m
263,m
264,m
265,m
266,m
267,m
268,m
269,m
270,f
271,m
272,m
273,m
274,m
275,m
276,m
277,m
278,m
279,f
280,m
281,m
282,m
283,m
284,m
285,f
286,m
287,f
288,m
289,f
290,m
291,m
292,m
293,m
294,m
295,m
296,m
297,m
298,m
299,m
300,m
301,f
302,m
303,m
304,m
305,m
306,m
307,f
308,m
309,m
310,m
311,m
312,f
313,m
314,m
315,m
316,m
317,m
318,m
319,m
320,m
321,m
322,m
